season,mean_casual,mean_registered,casual_share
цШехнг,14.290900518623562,96.82366808109285,0.12861410253146296
хдПхнг,46.160580630529246,162.18348831934537,0.22155936985964342
чзЛхнг,50.287144128114164,185.72909252669083,0.21306646034553764
хЖмхнг,30.666824196597386,168.20203213610645,0.15420626820165564
