weathersit,n,mean_cnt,median_cnt,sd_cnt
晴朗或少云,11413,204.86927188295095,159,189.48777342363368
多云或有雾,4544,175.1654929577447,133,165.4315892767753
小雨雪,1419,111.5792811839327,63,133.78104501327016
恶劣天气,3,74.33333333333333,36,77.92517778826901
