model,AIC,BIC,overdispersion_ratio
Poisson 回归,687000.9186180562,687365.7804574652,32.42743892737945
负二项回归,188324.30397144784,188696.92882871654,
