weathersit,n,mean_casual,mean_registered,casual_share
晴朗或少云,11413,40.54543064925853,164.3238412336821,0.19790879460159705
多云或有雾,4544,29.59529049295744,145.57020246478734,0.16895616821114842
小雨雪,1419,16.055673009161463,95.52360817477049,0.14389475213318934
恶劣天气,3,2.6666666666666665,71.66666666666667,0.03587443946188341
