model,RMSE,MAE,R_squared
线性回归,99.89524062029817,70.13757586208389,0.7005493555273375
负二项回归,101.28669543549742,63.291479971376766,0.6921490757901467
LASSO 回归,99.96560551462125,70.17746899640404,0.7001273487565605
随机森林,43.47310574579576,26.998791734211412,0.9432877350106252
回归树,69.53424015343022,46.64754234349201,0.8549114689032136
