variable,pearson,spearman
temp_celsius,0.4047722757786731,0.4233295244770643
hum_percent,-0.3229107408245549,-0.3596141883990311
windspeed_real,0.0932337839261199,0.12662883138376596
