yr,n,mean_cnt,median_cnt,sd_cnt
2011年,8645,143.7944476576068,109,133.79785413838675
2012年,8734,234.6663613464617,191,208.9109409863989
