variable,vars,n,mean,sd,median,trimmed,mad,min,max,range,skew,kurtosis,se
cnt,1,17379,189.46308763451793,181.38759909186479,142,162.03998561667825,166.0512,1,977,976,1.2771911026957907,1.4159421179321727,1.375926391091555
casual,2,17379,35.67621842453524,49.30503038705325,17,25.133836749369948,23.7216,0,367,367,2.4988054842844534,7.567262293817366,0.3740062323045559
registered,3,17379,153.78686920997154,151.35728591258274,115,129.25587918014585,131.9514,0,886,886,1.5576353072183429,2.748219836054469,1.1481296693587082
temp_celsius,4,17379,20.376473905288012,7.8948009712383405,20.5,20.371618842143036,9.725855999999997,0.8200000000000001,41,40.18,-0.00601984405041584,-0.9421553185022646,0.05988648101153053
atemp_celsius,5,17379,23.788755106737984,8.592510781768391,24.240000000000002,23.875018338726946,10.111331999999994,0,50,50,-0.09041324913563653,-0.8457618450062814,0.0651790001607894
hum_percent,6,17379,62.72288394038805,19.29298340629189,63,63.02466738583084,22.238999999999997,0,100,100,-0.11126793947751097,-0.8264744567260633,0.14634806990396415
windspeed_real,7,17379,12.736539622532941,8.196795314377379,12.998000000000001,12.316683962603378,8.890410900000001,0,56.996900000000004,56.996900000000004,0.5748059659381051,0.5898920533678198,0.062177277012832245
