term,contrast,null.value,estimate,conf.low,conf.high,adj.p.value
season,хдПхнг-цШехнг,0,97.22950035015583,87.54202426618258,106.91697643412908,3.3300312951567435e-8
season,чзЛхнг-цШехнг,0,124.90166805508525,115.26026129463585,134.54307481553465,3.3300312951567435e-8
season,хЖмхнг-цШехнг,0,87.7542877329847,77.96797844674111,97.54059701922827,3.3300312951567435e-8
season,чзЛхнг-хдПхнг,0,27.67216770492942,18.12517413524592,37.21916127461292,3.330093845121951e-8
season,хЖмхнг-хдПхнг,0,-9.475212617171138,-19.168520171621058,0.2180949372787815,0.058180083097218116
season,хЖмхнг-чзЛхнг,0,-37.14738032210056,-46.794646400531356,-27.500114243669763,3.330035003301646e-8
