variable,variable_cn,n,mean,sd,min,q1,median,q3,max
cnt,总租赁量,17379,189.46308763451793,181.38759909186479,1,40,142,281,977
casual,休闲用户租赁量,17379,35.67621842453524,49.30503038705325,0,4,17,48,367
registered,注册用户租赁量,17379,153.78686920997154,151.35728591258274,0,34,115,220,886
temp_celsius,气温（摄氏度）,17379,20.376473905288012,7.8948009712383405,0.8200000000000001,13.940000000000001,20.5,27.060000000000002,41
atemp_celsius,体感温度（摄氏度）,17379,23.788755106737984,8.592510781768391,0,16.665,24.240000000000002,31.06,50
hum_percent,湿度（%）,17379,62.72288394038805,19.29298340629189,0,48,63,78,100
windspeed_real,风速,17379,12.736539622532941,8.196795314377379,0,7.0015,12.998000000000001,16.997899999999998,56.996900000000004
