workingday,n,mean_cnt,median_cnt,sd_cnt
非工作日,5514,181.40533188247733,119,172.85383171939398
工作日,11865,193.2077538980229,151,185.10747659123106
