season,n,mean_cnt,median_cnt,sd_cnt
цШехнг,4242,111.11456859971638,76,119.22401021622993
хдПхнг,4409,208.344068949871,165,188.36247314750787
чзЛхнг,4496,236.01623665480537,199,197.7116302195614
хЖмхнг,4232,198.8688563327042,155.5,182.96797181038468
