month_num,mnth,n,mean_cnt,median_cnt
1,1月,1429,94.42477256822994,66
2,2月,1341,112.86502609992598,82
3,3月,1473,155.41072640868873,104
4,4月,1437,187.26096033402897,136
5,5月,1488,222.90725806451647,188.5
6,6月,1440,240.51527777777815,203
7,7月,1488,231.81989247311796,202
8,8月,1475,238.09762711864366,204
9,9月,1437,240.77313848295006,190
10,10月,1451,222.15851137146774,174
11,11月,1437,177.33542101600528,145
12,12月,1483,142.30343897505068,106
