total_casual,total_registered,total_cnt,casual_share,registered_share,mean_casual_ratio,mean_registered_ratio
620017,2672662,3292679,0.18830168382645257,0.8116983161735475,0.1721426035821019,0.8278573964178978
