lambda_min,lambda_1se,nonzero_terms_at_lambda_min
0.056058967887405844,1.100460327622798,46
